model,accuracy,roc_auc,avg_precision,logloss,brier
stage2_calibrated,0.912353515625,0.5175567743479159,0.10456649103423893,0.29823334091464176,0.08017024577230487
