metric,value
accuracy,0.9123518880208333
roc_auc,0.5913708750854265
logloss,0.2956683548790873
brier,0.07972809181772546
